rank,obs_id,year,exporter_iso3,importer_iso3,hs6,family_id,product_name,trade_value_usd,quantity_metric_ton,unit_value_usd_per_metric_ton,benchmark_price_usd_per_metric_ton,selected_review_priority_score,rule_score,selected_challenger_score,quality_status,data_quality_score,valid_extreme_flag,key_evidence_count,source_row_id,source_version
1,obs_c1178b54e91326a9b0f5,2022,ESP,NLD,710812,gold_unwrought,Non-monetary unwrought gold,11787415.0,0.032,368356718.75,57890634.271471545,0.989129364490509,1.0,0.9855058,usable_with_caveat,6,True,0,baci_0805b6c6be2600ba0835c697,CEPII_BACI_HS17_V202601_filtered_official_derived
2,obs_31f1dbac37c15eb7186d,2022,KWT,NPL,710812,gold_unwrought,Non-monetary unwrought gold,2912170.0,0.009,323574444.4444445,57890634.271471545,0.9857555627822876,1.0,0.9810074,usable_with_caveat,5,True,0,baci_838ed1fdb9201c92b4cfc449,CEPII_BACI_HS17_V202601_filtered_official_derived
3,obs_8c4051f3c18beab9e68a,2022,QAT,NPL,710812,gold_unwrought,Non-monetary unwrought gold,90853064.0,0.28,324475228.57142854,57890634.271471545,0.9854697585105896,1.0,0.98062634,usable_with_caveat,5,True,0,baci_1017d347d72c846eb319bfd4,CEPII_BACI_HS17_V202601_filtered_official_derived
4,obs_c4e5ade4d38d2d3dd148,2022,HKG,NPL,710812,gold_unwrought,Non-monetary unwrought gold,3899093.0,0.013,299930230.7692308,57890634.271471545,0.9854697585105896,1.0,0.98062634,usable_with_caveat,5,True,0,baci_f3aba783eceb5a7ffc780ae9,CEPII_BACI_HS17_V202601_filtered_official_derived
5,obs_f7e56d6a0431cdbb8c32,2022,SAU,NPL,710812,gold_unwrought,Non-monetary unwrought gold,23978692.0,0.066,363313515.1515151,57890634.271471545,0.9846754670143127,1.0,0.9795673,usable_with_caveat,5,True,0,baci_552ceaa2193720695e17afbf,CEPII_BACI_HS17_V202601_filtered_official_derived
6,obs_c88105f77b1bef6f7d3d,2022,ITA,MKD,151110,crude_palm_oil,Crude palm oil,39.0,0.006,6500.0,1275.99,0.9801958799362183,1.0,0.9735945,usable_with_caveat,4,True,0,baci_782cb6f313e5d6766840b78d,CEPII_BACI_HS17_V202601_filtered_official_derived
7,obs_1a481444e8f53a79dfee,2024,GBR,ITA,740311,refined_copper_cathodes,Refined copper cathodes,2086.0,0.044,47409.09090909091,9142.14,0.9801734089851379,1.0,0.97356457,usable_with_caveat,6,True,0,baci_89d192f8af0cd10592e6dd4f,CEPII_BACI_HS17_V202601_filtered_official_derived
8,obs_7c72b96c0b2d861bdbbc,2022,CAF,CHE,710812,gold_unwrought,Non-monetary unwrought gold,3179015.0,0.018,176611944.44444445,57890634.271471545,0.9788246592112142,0.9636773428232503,0.9838738,fully_usable,5,False,0,baci_7a6bedf7c3d00b4fd74e2025,CEPII_BACI_HS17_V202601_filtered_official_derived
9,obs_e4204c85264cb9a8ffe2,2018,USA,IRL,740311,refined_copper_cathodes,Refined copper cathodes,264595.0,6.879,38464.16630324175,6529.8,0.9787466010371706,0.9980023228803716,0.972328,usable_with_caveat,4,True,0,baci_07e7a582d92302b0379c27c6,CEPII_BACI_HS17_V202601_filtered_official_derived
10,obs_e5c8e323b3ebae313e00,2020,ITA,TUR,740311,refined_copper_cathodes,Refined copper cathodes,24289083.0,628.199,38664.63174885666,6173.77,0.975341260433197,1.0,0.96712166,usable_with_caveat,5,True,0,baci_031b6e0aa009cb0296d71d3d,CEPII_BACI_HS17_V202601_filtered_official_derived
11,obs_35bda5f89da16a6036bd,2022,SGP,JPN,740311,refined_copper_cathodes,Refined copper cathodes,112739.0,2.09,53942.1052631579,8822.37,0.974685549736023,1.0,0.9662474,usable_with_caveat,5,True,0,baci_ec343a5380ac09fc8d36ed22,CEPII_BACI_HS17_V202601_filtered_official_derived
12,obs_ccb87c5e5c3d9b4a06ce,2024,CHN,GHA,740311,refined_copper_cathodes,Refined copper cathodes,527.0,0.011,47909.09090909091,9142.14,0.9732450246810913,1.0,0.96432674,usable_with_caveat,4,True,0,baci_27a62013faeb6941be60dce3,CEPII_BACI_HS17_V202601_filtered_official_derived
13,obs_036014d6b01f67890f6f,2019,IND,ITA,710812,gold_unwrought,Non-monetary unwrought gold,150575.0,0.001,150575000.0,44769914.59681447,0.9726497193814401,0.9522799097065463,0.9794397,usable_with_caveat,4,False,0,baci_422097320659188aa408e489,CEPII_BACI_HS17_V202601_filtered_official_derived
14,obs_6ba20cca416628449b8e,2020,BEL,SVK,740311,refined_copper_cathodes,Refined copper cathodes,2336762.0,71.383,32735.55328299455,6173.77,0.9725754887670686,0.9942503097893434,0.96535057,usable_with_caveat,4,True,0,baci_77a621e377403d64ff04e6fe,CEPII_BACI_HS17_V202601_filtered_official_derived
15,obs_ea2050de6cdfe276c4e2,2019,NGA,IRL,151110,crude_palm_oil,Crude palm oil,1434.0,0.468,3064.102564102564,601.37,0.97174072265625,1.0,0.962321,usable_with_caveat,4,True,0,baci_e4d60c32c8410a3e7faf43f2,CEPII_BACI_HS17_V202601_filtered_official_derived
16,obs_677bd40b8fba7c6f490e,2022,DEU,BRA,740311,refined_copper_cathodes,Refined copper cathodes,5358.0,0.104,51519.23076923077,8822.37,0.9715651273727417,1.0,0.9620868,usable_with_caveat,5,True,0,baci_fc6bd576d22d8354374e9789,CEPII_BACI_HS17_V202601_filtered_official_derived
17,obs_a21cb8a8408b56265445,2022,MYS,NPL,710812,gold_unwrought,Non-monetary unwrought gold,2279953.0,0.005,455990600.0,57890634.271471545,0.9712426662445068,1.0,0.96165687,usable_with_caveat,5,True,0,baci_e9c242fa146bc8a2b59dc7e1,CEPII_BACI_HS17_V202601_filtered_official_derived
18,obs_a696bf7d86197f61478b,2022,KOR,NPL,710812,gold_unwrought,Non-monetary unwrought gold,3529657.0,0.007,504236714.28571427,57890634.271471545,0.9712426662445068,1.0,0.96165687,usable_with_caveat,5,True,0,baci_d2801f115fd899ed1804ace5,CEPII_BACI_HS17_V202601_filtered_official_derived
19,obs_0d2766de2d4c55fe2605,2022,JPN,PHL,710812,gold_unwrought,Non-monetary unwrought gold,9803143.0,0.026,377043961.53846157,57890634.271471545,0.9702988862991333,1.0,0.96039855,usable_with_caveat,5,True,0,baci_f4ab1f299b391af9e27f8937,CEPII_BACI_HS17_V202601_filtered_official_derived
20,obs_5a2e4e692f890f38a683,2023,NLD,SGP,740311,refined_copper_cathodes,Refined copper cathodes,18104.0,0.425,42597.64705882353,8490.29,0.9695806129286337,0.9949451381006433,0.9611258,usable_with_caveat,4,True,0,baci_b23ec263beff18b211de6659,CEPII_BACI_HS17_V202601_filtered_official_derived
21,obs_ccdbfa6474922c3319ae,2022,ITA,MLT,151110,crude_palm_oil,Crude palm oil,4237.0,0.641,6609.984399375975,1275.99,0.9683655500411987,1.0,0.9578207,usable_with_caveat,6,True,0,baci_08faf4361d5492e3eb43c34b,CEPII_BACI_HS17_V202601_filtered_official_derived
22,obs_245e331018dfa1b789f4,2020,FRA,PRT,151110,crude_palm_oil,Crude palm oil,208.0,0.05,4160.0,751.77,0.9677050176523122,0.9996063960639606,0.95707124,usable_with_caveat,5,True,0,baci_21f1b1365122d1ecaed6dea1,CEPII_BACI_HS17_V202601_filtered_official_derived
23,obs_0f1ffdbad6955125995e,2022,ITA,CIV,151110,crude_palm_oil,Crude palm oil,1790.0,0.21,8523.809523809525,1275.99,0.9672174453735352,1.0,0.95628995,usable_with_caveat,4,True,0,baci_f1df24eb8f4a06210bb73f92,CEPII_BACI_HS17_V202601_filtered_official_derived
24,obs_61ed3a0c86e7647bcae6,2021,IND,CHE,151110,crude_palm_oil,Crude palm oil,108.0,0.009,12000.0,1130.58,0.9660784006118774,1.0,0.95477116,usable_with_caveat,4,True,0,baci_9c46d2c428bf9ad445d0de30,CEPII_BACI_HS17_V202601_filtered_official_derived
25,obs_1e10aa7c0f002e2d7edc,2024,GRC,ITA,151110,crude_palm_oil,Crude palm oil,157047.0,23.2,6769.267241379311,963.36,0.9649773240089417,1.0,0.9533031,usable_with_caveat,4,True,0,baci_41e84cd421b37f824a542c7c,CEPII_BACI_HS17_V202601_filtered_official_derived
26,obs_fce0257aef98b8e434a4,2023,USA,S19,710812,gold_unwrought,Non-monetary unwrought gold,1149691.0,0.005,229938200.0,62458290.83647653,0.9643989677821312,0.8997063142437592,0.98596317,fully_usable,6,False,0,baci_2b9d0ed414b72b97089d036f,CEPII_BACI_HS17_V202601_filtered_official_derived
27,obs_ed54566432f1688813b4,2018,CZE,BLR,740311,refined_copper_cathodes,Refined copper cathodes,2694.0,0.058,46448.275862068964,6529.8,0.9633780631260314,0.9993960511033684,0.9513721,usable_with_caveat,4,True,0,baci_b548180427a4edfa0a815287,CEPII_BACI_HS17_V202601_filtered_official_derived
28,obs_ff29df7beccbe5efa1b7,2019,GHA,TGO,151110,crude_palm_oil,Crude palm oil,66529.0,18.024,3691.1340434975587,601.37,0.9625495294482704,0.9862998405103669,0.95463276,usable_with_caveat,4,True,0,baci_860be307e988deb03d54a03b,CEPII_BACI_HS17_V202601_filtered_official_derived
29,obs_2331a93d4997a10a3da6,2023,DEU,LTU,710812,gold_unwrought,Non-monetary unwrought gold,326767.0,0.002,163383500.0,62458290.83647653,0.9624874686697555,0.8920603177942567,0.98596317,fully_usable,6,False,0,baci_852dd2d6366318ed64aa5430,CEPII_BACI_HS17_V202601_filtered_official_derived
30,obs_2778f24f2ad06361bda3,2020,HUN,AUT,740311,refined_copper_cathodes,Refined copper cathodes,7699.0,0.15,51326.66666666667,6173.77,0.9618158936500549,1.0,0.94908786,usable_with_caveat,5,True,0,baci_4bd928f03179094216a5ea3e,CEPII_BACI_HS17_V202601_filtered_official_derived
31,obs_369bc7547704c56b20f7,2021,RUS,UZB,740311,refined_copper_cathodes,Refined copper cathodes,248.0,0.008,31000.0,9317.05,0.961265623486429,0.9307680126682503,0.9714315,usable_with_caveat,4,False,0,baci_b2612df1ced52ef92798a958,CEPII_BACI_HS17_V202601_filtered_official_derived
32,obs_d35c13e56262f424bc89,2018,USA,JPN,710812,gold_unwrought,Non-monetary unwrought gold,13685896.0,0.037,369889081.0810811,40806692.067299694,0.9605739116668701,1.0,0.94743186,usable_with_caveat,4,True,0,baci_a8216253ce504aad3daed26b,CEPII_BACI_HS17_V202601_filtered_official_derived
33,obs_692b0a16661c17a0a665,2018,LVA,CHE,710812,gold_unwrought,Non-monetary unwrought gold,1831381.0,0.005,366276200.0,40806692.067299694,0.9604952931404114,1.0,0.9473271,usable_with_caveat,4,True,0,baci_091b21718a4538911bf95746,CEPII_BACI_HS17_V202601_filtered_official_derived
34,obs_1c9d21e03f17a8a0deaf,2019,CHN,GBR,740311,refined_copper_cathodes,Refined copper cathodes,297927.0,10.0,29792.7,6010.15,0.9603907787020317,0.9373046251993621,0.9680862,usable_with_caveat,4,False,0,baci_e206ab9c94a84826a063ae57,CEPII_BACI_HS17_V202601_filtered_official_derived
35,obs_8040cca3b5cdac4ab417,2024,TGO,FRA,151110,crude_palm_oil,Crude palm oil,10651.0,1.532,6952.349869451697,963.36,0.9603787660598755,1.0,0.9471717,usable_with_caveat,6,True,0,baci_73b4ca638f4b4ad6e2c9a7c9,CEPII_BACI_HS17_V202601_filtered_official_derived
36,obs_cc55384126224bc27306,2022,SWE,DNK,151110,crude_palm_oil,Crude palm oil,31484.0,3.189,9872.687362809658,1275.99,0.9598667025566101,1.0,0.9464889,usable_with_caveat,6,True,0,baci_a8eb0a4feda52d32c592944c,CEPII_BACI_HS17_V202601_filtered_official_derived
37,obs_7634174bae7eb2778a69,2024,PHL,IDN,151110,crude_palm_oil,Crude palm oil,42.0,0.004,10500.0,963.36,0.9598327279090881,1.0,0.9464436,usable_with_caveat,4,True,0,baci_538ddef2993aec9107f90be1,CEPII_BACI_HS17_V202601_filtered_official_derived
38,obs_eea87b20d264854199d1,2021,LBR,CAN,151110,crude_palm_oil,Crude palm oil,19618.0,2.325,8437.849462365592,1130.58,0.9597415924072266,1.0,0.9463221,usable_with_caveat,4,True,0,baci_654d68619944f9b0bbcc1c24,CEPII_BACI_HS17_V202601_filtered_official_derived
39,obs_17b079ac5c629c2980eb,2020,ZAF,COD,151110,crude_palm_oil,Crude palm oil,629.0,0.09,6988.88888888889,751.77,0.9591810703277588,1.0,0.94557476,usable_with_caveat,5,True,0,baci_a233ead73309a82325339faa,CEPII_BACI_HS17_V202601_filtered_official_derived
40,obs_c7593e0b4a11d1002dd7,2024,ITA,PRT,710812,gold_unwrought,Non-monetary unwrought gold,1566349.0,0.008,195793625.0,76766337.58191302,0.9584640828160433,0.887248979961073,0.9822025,fully_usable,6,False,0,baci_b645cbe856d4ee5ff1f4bf26,CEPII_BACI_HS17_V202601_filtered_official_derived
41,obs_92401cf1caae775dda9c,2019,ZAF,GHA,740311,refined_copper_cathodes,Refined copper cathodes,14027.0,0.346,40540.46242774567,6010.15,0.9578457129476934,0.9999362041467306,0.9438155,usable_with_caveat,4,True,0,baci_d4f0502d9469ffdbc11c437f,CEPII_BACI_HS17_V202601_filtered_official_derived
42,obs_fe6510a9279238ee818e,2022,BHR,NPL,710812,gold_unwrought,Non-monetary unwrought gold,916708.0,0.005,183341600.0,57890634.271471545,0.9572013895310825,0.8838196915776988,0.981662,fully_usable,5,False,0,baci_e236914f0077fa7edc3f94a7,CEPII_BACI_HS17_V202601_filtered_official_derived
43,obs_a040385744a6c3f3804d,2023,GIN,GMB,151110,crude_palm_oil,Crude palm oil,273105.0,34.93,7818.637274549098,886.45,0.9571845514088848,0.9927124907612714,0.94534194,usable_with_caveat,4,True,0,baci_17498bd339822b7e41fc2228,CEPII_BACI_HS17_V202601_filtered_official_derived
44,obs_534362f15b768e342dbd,2018,USA,PER,710812,gold_unwrought,Non-monetary unwrought gold,3105309.0,0.022,141150409.0909091,40806692.067299694,0.9568252172836891,0.8722115384615385,0.98502976,usable_with_caveat,4,False,0,baci_b2fb32419587956daebe2a20,CEPII_BACI_HS17_V202601_filtered_official_derived
45,obs_70c83b3e3db3961469db,2023,ESP,PAN,740311,refined_copper_cathodes,Refined copper cathodes,2416.0,0.044,54909.09090909091,8490.29,0.956744372844696,1.0,0.94232583,usable_with_caveat,4,True,0,baci_d7bab8ed54e8e21dfe9eb510,CEPII_BACI_HS17_V202601_filtered_official_derived
46,obs_432fb473ccb69d096461,2020,ITA,SWE,151110,crude_palm_oil,Crude palm oil,1662.0,0.235,7072.340425531916,751.77,0.9559894800186157,1.0,0.94131935,usable_with_caveat,4,True,0,baci_3403b9a23e1bb5a71995f64c,CEPII_BACI_HS17_V202601_filtered_official_derived
47,obs_001366c4de39eafe0889,2018,CAN,JPN,710812,gold_unwrought,Non-monetary unwrought gold,12252678.0,0.063,194486952.3809524,40806692.067299694,0.9556105733529116,0.8728525641025642,0.9831966,usable_with_caveat,4,False,0,baci_69b9d6736c98d1b32f37d156,CEPII_BACI_HS17_V202601_filtered_official_derived
48,obs_15d89685b64fa5cb12a3,2019,CAN,DNK,151110,crude_palm_oil,Crude palm oil,82.0,0.014,5857.142857142857,601.37,0.9554858223521159,0.9934768740031898,0.9428221,usable_with_caveat,4,True,0,baci_66297c8214dab6bff45a3ee3,CEPII_BACI_HS17_V202601_filtered_official_derived
49,obs_7e70458d866b112d6c0e,2019,FRA,CAN,151110,crude_palm_oil,Crude palm oil,3364.0,0.667,5043.478260869565,601.37,0.9546617908759171,0.9918022328548646,0.94228166,usable_with_caveat,4,True,0,baci_065c2a3972cd431c8bff86cc,CEPII_BACI_HS17_V202601_filtered_official_derived
50,obs_35eab0c7de97655986bb,2021,GBR,HUN,151110,crude_palm_oil,Crude palm oil,21.0,0.007,3000.0,1130.58,0.9542220921798715,0.9067321187194862,0.9700521,usable_with_caveat,4,False,0,baci_57170cf3789a0e083c66939b,CEPII_BACI_HS17_V202601_filtered_official_derived
